property,revenue,bookings,cancellations,avg_stay,cancellation_rate,revenue_score,booking_score,stay_score,cancellation_score,health_score
Marigold Suites,1163191.0,76,12,3.0921052631578947,15.789473684210526,100.0,100.0,80.31442241968557,84.21052631578948,94.87
Palm Grove Inn,877076.0,50,10,3.22,20.0,75.40257790852921,65.78947368421053,83.63636363636364,80.0,74.26
Lakeview Residency,696780.0,47,8,2.893617021276596,17.02127659574468,59.90245797981587,61.8421052631579,75.15888366952197,82.97872340425532,66.63
Cedar Court,602757.0,33,7,3.696969696969697,21.21212121212121,51.81926270062268,43.42105263157895,96.02518693427784,78.78787878787878,59.11
Birchwood Stay,341046.0,20,2,3.85,10.0,29.31986234418939,26.31578947368421,100.0,90.0,47.62
